Transaction_ID,Predicted_Class,Actual_Class,Correct
97425476,Licit,Licit,True
13344762,Licit,Licit,True
97391785,Licit,Licit,True
96654838,Licit,Licit,True
57228978,Licit,Licit,True
96654950,Licit,Licit,True
36729550,Licit,Licit,True
6978680,Licit,Licit,True
97499027,Licit,Licit,True
41846555,Licit,Licit,True
4261635,Licit,Licit,True
28547465,Licit,Licit,True
98059174,Licit,Licit,True
16838611,Licit,Licit,True
98605556,Licit,Licit,True
9904238,Licit,Licit,True
96596603,Licit,Licit,True
97758241,Licit,Licit,True
98059757,Licit,Licit,True
46325611,Licit,Licit,True
27282455,Licit,Licit,True
96942259,Licit,Licit,True
97730088,Licit,Licit,True
46230282,Licit,Licit,True
96621541,Licit,Licit,True
98047174,Licit,Licit,True
96941147,Licit,Licit,True
14393317,Licit,Licit,True
36838022,Licit,Licit,True
97011545,Licit,Fraud (Illicit),False
80666995,Licit,Licit,True
52309847,Licit,Licit,True
97481182,Licit,Licit,True
3279974,Licit,Licit,True
96954603,Licit,Licit,True
98034161,Licit,Licit,True
97106399,Licit,Licit,True
97424124,Licit,Licit,True
905123,Licit,Licit,True
99018629,Licit,Licit,True
97395877,Licit,Licit,True
37704327,Licit,Licit,True
99659463,Licit,Licit,True
86462407,Licit,Licit,True
96931088,Licit,Licit,True
97718848,Licit,Licit,True
97100221,Licit,Licit,True
12843031,Licit,Licit,True
98568148,Licit,Licit,True
97760414,Licit,Licit,True
97430363,Licit,Licit,True
12117243,Licit,Licit,True
97013839,Licit,Licit,True
97933782,Licit,Licit,True
97015630,Licit,Licit,True
97015625,Licit,Licit,True
80664766,Licit,Licit,True
96925342,Licit,Fraud (Illicit),False
96562112,Licit,Licit,True
24704981,Licit,Licit,True
23344692,Licit,Licit,True
924065,Licit,Licit,True
53862689,Licit,Licit,True
99709782,Licit,Licit,True
78551177,Licit,Licit,True
1351110,Licit,Licit,True
13916444,Licit,Licit,True
98073347,Licit,Licit,True
96932462,Licit,Licit,True
96932479,Licit,Licit,True
97061709,Licit,Licit,True
98610045,Licit,Licit,True
7952321,Licit,Licit,True
96319696,Licit,Licit,True
97731146,Licit,Fraud (Illicit),False
96969757,Licit,Licit,True
96969543,Licit,Licit,True
97019089,Licit,Licit,True
97732178,Licit,Licit,True
98071166,Licit,Licit,True
96567720,Licit,Licit,True
97702586,Licit,Licit,True
36095108,Licit,Licit,True
63071445,Licit,Fraud (Illicit),False
96690352,Licit,Licit,True
97836072,Licit,Licit,True
97930510,Licit,Licit,True
97025802,Licit,Licit,True
45432364,Licit,Licit,True
98419647,Licit,Licit,True
7951587,Licit,Licit,True
98073507,Licit,Licit,True
27998088,Licit,Licit,True
96703683,Licit,Licit,True
13909471,Licit,Licit,True
27559060,Licit,Licit,True
97026873,Licit,Licit,True
17290276,Licit,Licit,True
96264624,Licit,Licit,True
57091000,Licit,Licit,True
97087594,Licit,Licit,True
96955560,Licit,Licit,True
32498112,Licit,Fraud (Illicit),False
18018237,Licit,Licit,True
14193907,Licit,Licit,True
107785982,Licit,Licit,True
96301558,Licit,Licit,True
96301553,Licit,Licit,True
27331982,Licit,Licit,True
96570531,Licit,Licit,True
96576022,Licit,Licit,True
172562,Licit,Licit,True
96675147,Licit,Licit,True
97404552,Licit,Licit,True
97025844,Licit,Licit,True
45476204,Licit,Licit,True
96997093,Licit,Licit,True
97727467,Licit,Licit,True
88642839,Licit,Licit,True
10247466,Licit,Licit,True
96568345,Licit,Licit,True
97022739,Licit,Licit,True
97403694,Licit,Licit,True
97055918,Licit,Licit,True
97834868,Licit,Licit,True
85777812,Licit,Licit,True
4669579,Licit,Licit,True
9534486,Licit,Licit,True
96570110,Licit,Licit,True
96584834,Licit,Licit,True
97089155,Licit,Licit,True
49505906,Licit,Licit,True
96988124,Licit,Licit,True
98056376,Licit,Licit,True
98230927,Licit,Licit,True
96934403,Licit,Licit,True
97488487,Licit,Licit,True
97133123,Licit,Fraud (Illicit),False
98070881,Licit,Licit,True
97051927,Licit,Licit,True
10178973,Licit,Licit,True
97024067,Licit,Licit,True
97024065,Licit,Licit,True
96571178,Licit,Licit,True
96973980,Licit,Licit,True
98072844,Licit,Licit,True
96954607,Licit,Licit,True
96651531,Licit,Licit,True
19229484,Licit,Licit,True
97027134,Licit,Licit,True
96574884,Licit,Licit,True
29185909,Licit,Licit,True
97027625,Licit,Licit,True
97027622,Licit,Licit,True
7952092,Licit,Licit,True
36729548,Licit,Licit,True
97833121,Licit,Licit,True
97105496,Licit,Licit,True
97027340,Licit,Licit,True
99053496,Licit,Licit,True
6979086,Licit,Licit,True
94542699,Licit,Licit,True
47367360,Licit,Licit,True
97502122,Licit,Licit,True
47931493,Licit,Licit,True
96302549,Licit,Licit,True
96963538,Licit,Licit,True
96584847,Licit,Licit,True
96584844,Licit,Licit,True
96585092,Licit,Licit,True
96584900,Licit,Licit,True
7952333,Licit,Licit,True
39954788,Licit,Licit,True
96944071,Licit,Licit,True
97716762,Licit,Licit,True
97405579,Licit,Licit,True
96260827,Licit,Licit,True
31168385,Licit,Fraud (Illicit),False
21021259,Licit,Licit,True
96581589,Licit,Fraud (Illicit),False
96581586,Licit,Fraud (Illicit),False
98056823,Licit,Licit,True
97051909,Licit,Licit,True
95047190,Licit,Licit,True
97025241,Licit,Licit,True
97025225,Licit,Licit,True
96255506,Licit,Licit,True
9969789,Licit,Licit,True
96983187,Licit,Licit,True
98273924,Licit,Licit,True
3426501,Licit,Licit,True
97025823,Licit,Licit,True
97051255,Licit,Licit,True
97395586,Licit,Licit,True
97400869,Licit,Licit,True
96706402,Licit,Licit,True
96664519,Licit,Licit,True
96568341,Licit,Licit,True
98065046,Licit,Licit,True
37520166,Licit,Licit,True
97141252,Licit,Fraud (Illicit),False
880825,Licit,Licit,True
96645694,Licit,Licit,True
97732194,Licit,Licit,True
96558348,Licit,Licit,True
96946114,Licit,Licit,True
97732192,Licit,Licit,True
96949997,Licit,Licit,True
67196010,Licit,Licit,True
96571186,Licit,Licit,True
96563306,Licit,Licit,True
97107285,Licit,Licit,True
77485715,Licit,Licit,True
99409352,Licit,Licit,True
97764305,Licit,Licit,True
96932441,Licit,Licit,True
97702602,Licit,Licit,True
97724668,Licit,Licit,True
3814914,Licit,Licit,True
97405418,Licit,Licit,True
97828035,Licit,Licit,True
97732977,Licit,Licit,True
98073165,Licit,Licit,True
46329514,Licit,Licit,True
96653243,Licit,Licit,True
97025238,Licit,Licit,True
96589021,Licit,Licit,True
45431903,Licit,Licit,True
97021355,Licit,Fraud (Illicit),False
36338162,Licit,Licit,True
17932049,Licit,Licit,True
97758253,Licit,Licit,True
96563984,Licit,Licit,True
98071508,Licit,Licit,True
98073174,Licit,Licit,True
6979659,Licit,Licit,True
96955866,Licit,Licit,True
96972133,Licit,Licit,True
97930880,Licit,Licit,True
97024546,Licit,Licit,True
97707107,Licit,Licit,True
76257189,Licit,Licit,True
98605819,Licit,Licit,True
32910001,Licit,Licit,True
96566398,Licit,Licit,True
97733185,Licit,Licit,True
97733182,Licit,Licit,True
97022760,Licit,Licit,True
98035241,Licit,Licit,True
51621542,Licit,Licit,True
6978676,Licit,Licit,True
17890509,Licit,Licit,True
98252967,Licit,Licit,True
19263569,Licit,Licit,True
84169886,Licit,Licit,True
92734991,Licit,Licit,True
96926546,Licit,Fraud (Illicit),False
96580300,Licit,Licit,True
84626897,Licit,Licit,True
6979416,Licit,Licit,True
6978671,Licit,Licit,True
96582865,Licit,Licit,True
96567170,Licit,Licit,True
97027342,Licit,Licit,True
96566499,Licit,Licit,True
97051125,Licit,Licit,True
49505954,Licit,Licit,True
99702469,Licit,Licit,True
97403688,Licit,Licit,True
97185966,Licit,Licit,True
96567719,Licit,Licit,True
97833814,Licit,Licit,True
97733170,Licit,Licit,True
9015011,Licit,Licit,True
98093140,Licit,Licit,True
97732189,Licit,Licit,True
97724772,Licit,Licit,True
96973987,Licit,Licit,True
34500205,Licit,Licit,True
96923963,Licit,Licit,True
97733169,Licit,Licit,True
96957336,Licit,Fraud (Illicit),False
97066970,Licit,Licit,True
96928354,Licit,Licit,True
96929850,Licit,Fraud (Illicit),False
96564983,Licit,Licit,True
96931079,Licit,Licit,True
96932471,Licit,Licit,True
97062198,Licit,Licit,True
97027381,Licit,Licit,True
97404610,Licit,Licit,True
7951563,Licit,Licit,True
97753556,Licit,Licit,True
97068677,Licit,Fraud (Illicit),False
97714505,Licit,Licit,True
97718831,Licit,Licit,True
96563988,Licit,Licit,True
22649404,Licit,Licit,True
98161481,Licit,Licit,True
96930234,Licit,Licit,True
59376668,Licit,Licit,True
96950252,Licit,Licit,True
97004399,Licit,Licit,True
96948080,Licit,Licit,True
3814868,Licit,Licit,True
97714492,Licit,Licit,True
98236765,Licit,Licit,True
96963337,Licit,Licit,True
88100245,Licit,Licit,True
97150814,Licit,Licit,True
886996,Licit,Licit,True
49717542,Licit,Licit,True
97095252,Licit,Licit,True
96582546,Licit,Licit,True
97011985,Licit,Licit,True
97018952,Licit,Licit,True
97081546,Licit,Licit,True
100678028,Licit,Licit,True
97100230,Licit,Licit,True
98056863,Licit,Licit,True
97393541,Licit,Licit,True
96951086,Licit,Licit,True
96301988,Licit,Licit,True
28476932,Licit,Licit,True
99738580,Licit,Licit,True
3814678,Licit,Licit,True
96931670,Licit,Licit,True
94636584,Licit,Licit,True
98044863,Licit,Licit,True
96570116,Licit,Licit,True
97733193,Licit,Licit,True
96658618,Licit,Licit,True
97732737,Licit,Licit,True
97392828,Licit,Licit,True
97025320,Licit,Licit,True
67196725,Licit,Licit,True
97022904,Licit,Licit,True
97188343,Licit,Licit,True
97439283,Licit,Licit,True
96583654,Licit,Licit,True
96583455,Licit,Licit,True
98031863,Licit,Licit,True
96558938,Licit,Licit,True
96558934,Licit,Licit,True
96972846,Licit,Licit,True
96674605,Licit,Licit,True
96960021,Licit,Licit,True
97013836,Licit,Fraud (Illicit),False
96302544,Licit,Licit,True
97066713,Licit,Licit,True
96925121,Licit,Fraud (Illicit),False
96932445,Licit,Licit,True
96256789,Licit,Licit,True
96963043,Licit,Licit,True
6245395,Licit,Fraud (Illicit),False
96942810,Licit,Licit,True
96564437,Licit,Licit,True
97023505,Licit,Licit,True
97404074,Licit,Licit,True
97018930,Licit,Licit,True
97018904,Licit,Licit,True
96566387,Licit,Licit,True
96984383,Licit,Licit,True
97088337,Licit,Licit,True
77997482,Licit,Licit,True
87579114,Licit,Licit,True
98066463,Licit,Licit,True
97717236,Licit,Fraud (Illicit),False
96320585,Licit,Licit,True
98067916,Licit,Licit,True
97244271,Licit,Fraud (Illicit),False
97714860,Licit,Licit,True
96584148,Licit,Licit,True
97916907,Licit,Licit,True
96928060,Licit,Licit,True
97712499,Licit,Licit,True
98073789,Licit,Licit,True
96584852,Licit,Licit,True
96584848,Licit,Licit,True
7971077,Licit,Licit,True
96580998,Licit,Licit,True
98039721,Licit,Fraud (Illicit),False
96953133,Licit,Licit,True
96959547,Licit,Licit,True
27973222,Licit,Licit,True
96256421,Licit,Licit,True
77194240,Licit,Licit,True
63683376,Licit,Licit,True
96949768,Licit,Licit,True
27558169,Licit,Licit,True
98056569,Licit,Licit,True
99690451,Licit,Licit,True
96595496,Licit,Licit,True
96584836,Licit,Licit,True
80668142,Licit,Licit,True
97408827,Licit,Fraud (Illicit),False
96578042,Licit,Licit,True
96997102,Licit,Licit,True
9014737,Licit,Licit,True
97027797,Licit,Licit,True
96312183,Licit,Licit,True
96569163,Licit,Licit,True
96953674,Licit,Licit,True
97403881,Licit,Licit,True
96595215,Licit,Licit,True
97733166,Licit,Licit,True
97103615,Licit,Licit,True
96939966,Licit,Fraud (Illicit),False
107782941,Licit,Licit,True
96646659,Licit,Licit,True
96924252,Licit,Fraud (Illicit),False
76202814,Licit,Licit,True
98195222,Licit,Licit,True
67533631,Licit,Licit,True
96961708,Licit,Licit,True
96704304,Licit,Licit,True
96300185,Licit,Licit,True
96261185,Licit,Licit,True
87034564,Licit,Licit,True
98081886,Licit,Licit,True
96956127,Licit,Licit,True
97732600,Licit,Licit,True
97081919,Licit,Licit,True
97111900,Licit,Licit,True
96565685,Licit,Licit,True
97804239,Licit,Fraud (Illicit),False
96569050,Licit,Licit,True
90639662,Licit,Licit,True
98062436,Licit,Fraud (Illicit),False
18864639,Licit,Licit,True
98068542,Licit,Fraud (Illicit),False
96558514,Licit,Licit,True
96558511,Licit,Licit,True
96932187,Licit,Licit,True
97185956,Licit,Licit,True
97025233,Licit,Licit,True
36284710,Licit,Licit,True
97718352,Licit,Licit,True
96595239,Licit,Licit,True
96582924,Licit,Licit,True
36901000,Licit,Licit,True
96948089,Licit,Licit,True
45430166,Licit,Licit,True
96585090,Licit,Licit,True
34751094,Licit,Licit,True
96580305,Licit,Licit,True
97062436,Licit,Licit,True
97062431,Licit,Licit,True
81352829,Licit,Licit,True
96255480,Licit,Licit,True
97907385,Licit,Licit,True
19357391,Licit,Licit,True
6989909,Licit,Licit,True
6046631,Licit,Licit,True
19754896,Licit,Licit,True
96929269,Licit,Licit,True
97127163,Licit,Licit,True
98109542,Licit,Licit,True
46162256,Licit,Licit,True
97718816,Licit,Licit,True
96962483,Licit,Licit,True
98074796,Licit,Licit,True
96571497,Licit,Licit,True
97004104,Licit,Licit,True
52307362,Licit,Licit,True
99053493,Licit,Licit,True
96301970,Licit,Licit,True
96301783,Licit,Licit,True
97024542,Licit,Licit,True
96584835,Licit,Licit,True
96577996,Licit,Licit,True
96570527,Licit,Fraud (Illicit),False
54141153,Licit,Licit,True
96932440,Licit,Licit,True
97430019,Licit,Licit,True
97024529,Licit,Licit,True
99695619,Licit,Licit,True
96301773,Licit,Licit,True
96933830,Licit,Licit,True
1255910,Licit,Licit,True
1255894,Licit,Licit,True
96262516,Licit,Licit,True
96571183,Licit,Licit,True
96953921,Licit,Licit,True
44940541,Licit,Licit,True
99053483,Licit,Licit,True
96259706,Licit,Licit,True
96936902,Licit,Licit,True
97500891,Licit,Licit,True
99712026,Licit,Licit,True
97834420,Licit,Licit,True
99053539,Licit,Licit,True
97822909,Licit,Licit,True
97408808,Licit,Licit,True
98097703,Licit,Licit,True
97018898,Licit,Licit,True
36866037,Licit,Licit,True
97506379,Licit,Licit,True
98143753,Licit,Licit,True
36725599,Licit,Licit,True
6975200,Licit,Licit,True
97733201,Licit,Licit,True
97409997,Licit,Licit,True
15689800,Licit,Licit,True
96967821,Licit,Licit,True
96705380,Licit,Licit,True
49508518,Licit,Licit,True
97718359,Licit,Licit,True
96705793,Licit,Licit,True
96674599,Licit,Licit,True
96674330,Licit,Licit,True
96950625,Licit,Licit,True
97407738,Licit,Licit,True
97732197,Licit,Licit,True
98070867,Licit,Licit,True
96567189,Licit,Licit,True
96295586,Licit,Licit,True
1343295,Licit,Licit,True
4860461,Licit,Licit,True
96256414,Licit,Licit,True
96565661,Licit,Licit,True
75723181,Licit,Licit,True
97732739,Licit,Licit,True
52291382,Licit,Licit,True
96932184,Licit,Licit,True
97020043,Licit,Fraud (Illicit),False
1338889,Licit,Licit,True
97751141,Licit,Licit,True
97751106,Licit,Licit,True
96300732,Licit,Licit,True
66411922,Licit,Licit,True
96584826,Licit,Licit,True
96584824,Licit,Licit,True
96569550,Licit,Fraud (Illicit),False
96924242,Licit,Fraud (Illicit),False
96924240,Licit,Fraud (Illicit),False
97388582,Licit,Fraud (Illicit),False
98083968,Licit,Licit,True
97445088,Licit,Licit,True
98048827,Licit,Licit,True
107797828,Licit,Licit,True
97061718,Licit,Licit,True
101689297,Licit,Licit,True
98039713,Licit,Licit,True
99697838,Licit,Licit,True
97764394,Licit,Licit,True
96297994,Licit,Licit,True
27607815,Licit,Licit,True
96257955,Licit,Licit,True
97732071,Licit,Licit,True
97025312,Licit,Licit,True
97405719,Licit,Licit,True
96996789,Licit,Licit,True
36901002,Licit,Licit,True
96932442,Licit,Licit,True
97396335,Licit,Licit,True
97764020,Licit,Licit,True
80579048,Licit,Licit,True
84045292,Licit,Licit,True
100135607,Licit,Fraud (Illicit),False
97833109,Licit,Licit,True
107797582,Licit,Licit,True
40709181,Licit,Licit,True
97826912,Licit,Licit,True
56719909,Licit,Licit,True
55137075,Licit,Licit,True
97991428,Licit,Licit,True
97023499,Licit,Licit,True
97023790,Licit,Licit,True
97403381,Licit,Licit,True
74108125,Licit,Licit,True
84823318,Licit,Licit,True
97069017,Licit,Fraud (Illicit),False
16812328,Licit,Licit,True
34331034,Licit,Licit,True
97939634,Licit,Licit,True
97388607,Licit,Licit,True
97186266,Licit,Licit,True
97931083,Licit,Licit,True
96564952,Licit,Licit,True
7952270,Licit,Licit,True
97393315,Licit,Licit,True
98074776,Licit,Licit,True
98221840,Licit,Licit,True
96931073,Licit,Licit,True
91454748,Licit,Licit,True
98112023,Licit,Licit,True
97024232,Licit,Licit,True
97024228,Licit,Licit,True
97707448,Licit,Licit,True
76258823,Licit,Licit,True
17290351,Licit,Licit,True
90640249,Licit,Licit,True
97824053,Licit,Licit,True
96996773,Licit,Licit,True
96948070,Licit,Licit,True
7590514,Licit,Licit,True
96933301,Licit,Licit,True
97403097,Licit,Licit,True
97114782,Licit,Licit,True
96304815,Licit,Licit,True
96951800,Licit,Licit,True
59998756,Licit,Licit,True
97403284,Licit,Licit,True
97732183,Licit,Licit,True
96580204,Licit,Fraud (Illicit),False
96925332,Licit,Fraud (Illicit),False
96567464,Licit,Licit,True
96995895,Licit,Licit,True
95143863,Licit,Licit,True
6979658,Licit,Licit,True
48010230,Licit,Licit,True
98037917,Licit,Licit,True
96568211,Licit,Licit,True
97002808,Licit,Licit,True
96666459,Licit,Licit,True
87253392,Licit,Licit,True
97127168,Licit,Licit,True
12462446,Licit,Licit,True
98041728,Licit,Licit,True
98038348,Licit,Licit,True
96704448,Licit,Licit,True
97101991,Licit,Licit,True
96304661,Licit,Licit,True
80609980,Licit,Licit,True
97206553,Licit,Licit,True
98038334,Licit,Licit,True
96559214,Licit,Licit,True
96256781,Licit,Licit,True
96295947,Licit,Fraud (Illicit),False
96570124,Licit,Licit,True
97134087,Licit,Fraud (Illicit),False
97702225,Licit,Fraud (Illicit),False
96953903,Licit,Licit,True
96957287,Licit,Licit,True
96580278,Licit,Licit,True
97014328,Licit,Licit,True
84887530,Licit,Licit,True
97727559,Licit,Licit,True
96939408,Licit,Fraud (Illicit),False
98043019,Licit,Licit,True
96932447,Licit,Licit,True
96950560,Licit,Licit,True
97826173,Licit,Licit,True
97827293,Licit,Licit,True
78065983,Licit,Fraud (Illicit),False
107789140,Licit,Licit,True
96957326,Licit,Fraud (Illicit),False
96655080,Licit,Licit,True
97830644,Licit,Licit,True
96929263,Licit,Fraud (Illicit),False
107782882,Licit,Fraud (Illicit),False
97710531,Licit,Licit,True
99115235,Licit,Licit,True
97737113,Licit,Licit,True
97105755,Licit,Licit,True
97110883,Licit,Licit,True
96959863,Licit,Fraud (Illicit),False
97764023,Licit,Licit,True
87185274,Licit,Licit,True
97678626,Licit,Licit,True
97920432,Licit,Licit,True
98035246,Licit,Licit,True
96954175,Licit,Licit,True
96956708,Licit,Licit,True
97002533,Licit,Licit,True
97424376,Licit,Licit,True
98042002,Licit,Licit,True
98072232,Licit,Licit,True
97756937,Licit,Licit,True
96930818,Licit,Licit,True
96610478,Licit,Licit,True
96982775,Licit,Licit,True
96302406,Licit,Licit,True
96990197,Licit,Fraud (Illicit),False
97051907,Licit,Licit,True
98033945,Licit,Fraud (Illicit),False
97713596,Licit,Licit,True
80598123,Licit,Licit,True
96571518,Licit,Licit,True
97019109,Licit,Licit,True
1347516,Licit,Licit,True
98544621,Licit,Licit,True
96930827,Licit,Licit,True
97708835,Licit,Licit,True
96301969,Licit,Licit,True
98077839,Licit,Licit,True
97702373,Licit,Fraud (Illicit),False
96642764,Licit,Licit,True
96261684,Licit,Fraud (Illicit),False
97401884,Licit,Licit,True
97820647,Licit,Fraud (Illicit),False
97702028,Licit,Fraud (Illicit),False
98552571,Licit,Licit,True
36971478,Licit,Licit,True
96565839,Licit,Licit,True
60985498,Licit,Licit,True
98551628,Licit,Licit,True
96930221,Licit,Licit,True
96985951,Licit,Licit,True
97833420,Licit,Licit,True
96975033,Licit,Fraud (Illicit),False
98059197,Licit,Fraud (Illicit),False
97003361,Licit,Licit,True
97738117,Licit,Licit,True
99680113,Licit,Licit,True
99018664,Licit,Licit,True
96592855,Licit,Licit,True
98108469,Licit,Licit,True
97887859,Licit,Licit,True
70364893,Licit,Licit,True
96938644,Licit,Licit,True
96256777,Licit,Licit,True
95793133,Licit,Licit,True
96305134,Licit,Licit,True
97027631,Licit,Licit,True
96580987,Licit,Licit,True
98063047,Licit,Licit,True
99699200,Licit,Licit,True
96564990,Licit,Licit,True
97133127,Licit,Licit,True
96584828,Licit,Licit,True
96568656,Licit,Licit,True
96674597,Licit,Licit,True
34234759,Licit,Licit,True
96658650,Licit,Licit,True
97025799,Licit,Licit,True
96311795,Licit,Licit,True
97741703,Licit,Licit,True
97741696,Licit,Licit,True
96655943,Licit,Licit,True
96254996,Licit,Licit,True
6951204,Licit,Licit,True
96959542,Licit,Fraud (Illicit),False
48670415,Licit,Licit,True
98046936,Licit,Licit,True
67774824,Licit,Licit,True
38821430,Licit,Licit,True
7952929,Licit,Licit,True
87265797,Licit,Licit,True
97735311,Licit,Licit,True
97391458,Licit,Licit,True
7658107,Licit,Licit,True
98070870,Licit,Licit,True
62898276,Licit,Licit,True
49432738,Licit,Licit,True
96930826,Licit,Licit,True
68337049,Licit,Licit,True
96584837,Licit,Licit,True
97184596,Licit,Licit,True
97022757,Licit,Licit,True
97186283,Licit,Licit,True
97431326,Licit,Licit,True
96577132,Licit,Licit,True
96302407,Licit,Licit,True
96584896,Licit,Licit,True
97025470,Licit,Licit,True
96960281,Licit,Licit,True
96311806,Licit,Licit,True
96591382,Licit,Licit,True
96957328,Licit,Fraud (Illicit),False
96583770,Licit,Licit,True
27558167,Licit,Licit,True
98079142,Licit,Fraud (Illicit),False
97145620,Licit,Licit,True
97826638,Licit,Licit,True
96254943,Licit,Licit,True
97390676,Licit,Licit,True
96595711,Licit,Licit,True
96932449,Licit,Licit,True
4105224,Licit,Licit,True
97397223,Licit,Licit,True
96580297,Licit,Fraud (Illicit),False
96931071,Licit,Licit,True
96301568,Licit,Licit,True
97003366,Licit,Licit,True
9015009,Licit,Licit,True
97722486,Licit,Licit,True
96558885,Licit,Licit,True
97830398,Licit,Licit,True
96945447,Licit,Licit,True
97481191,Licit,Licit,True
96949700,Licit,Licit,True
97069571,Licit,Fraud (Illicit),False
97408977,Licit,Fraud (Illicit),False
96966495,Licit,Licit,True
96932456,Licit,Licit,True
97833534,Licit,Licit,True
98076773,Licit,Licit,True
97132844,Licit,Fraud (Illicit),False
98550982,Licit,Licit,True
34879458,Licit,Licit,True
86500037,Licit,Licit,True
104758336,Licit,Licit,True
96948889,Licit,Licit,True
96312180,Licit,Licit,True
96578001,Licit,Licit,True
67390627,Licit,Licit,True
81401933,Licit,Licit,True
97424359,Licit,Licit,True
97404081,Licit,Fraud (Illicit),False
96956384,Licit,Licit,True
96979667,Licit,Licit,True
96596928,Licit,Licit,True
97076225,Licit,Licit,True
97133836,Licit,Fraud (Illicit),False
98059762,Licit,Licit,True
97055913,Licit,Licit,True
97103630,Licit,Licit,True
56781540,Licit,Licit,True
97729143,Licit,Fraud (Illicit),False
104077589,Licit,Licit,True
97078552,Licit,Licit,True
96582588,Licit,Licit,True
97021579,Licit,Fraud (Illicit),False
96583653,Licit,Licit,True
96931899,Licit,Licit,True
96950572,Licit,Licit,True
97004775,Licit,Licit,True
97027788,Licit,Licit,True
96950545,Licit,Licit,True
97732260,Licit,Licit,True
97732254,Licit,Licit,True
96948093,Licit,Licit,True
96302545,Licit,Licit,True
96934681,Licit,Fraud (Illicit),False
96932674,Licit,Licit,True
97732728,Licit,Licit,True
97849403,Licit,Licit,True
47930947,Licit,Licit,True
98079154,Licit,Fraud (Illicit),False
96930825,Licit,Licit,True
64400854,Licit,Licit,True
36717437,Licit,Licit,True
96998407,Licit,Licit,True
96948103,Licit,Licit,True
87031793,Licit,Licit,True
96985766,Licit,Licit,True
96656242,Licit,Licit,True
98070095,Licit,Licit,True
96655169,Licit,Licit,True
21004667,Licit,Licit,True
97002531,Licit,Licit,True
97002535,Licit,Licit,True
97938155,Licit,Licit,True
96258738,Licit,Licit,True
97184411,Licit,Licit,True
97024544,Licit,Licit,True
97081261,Licit,Licit,True
96258274,Licit,Licit,True
96594944,Licit,Licit,True
97709964,Licit,Licit,True
96930821,Licit,Licit,True
96954444,Licit,Licit,True
96567176,Licit,Licit,True
96952671,Licit,Licit,True
96653769,Licit,Licit,True
97184869,Licit,Licit,True
96973727,Licit,Licit,True
96318989,Licit,Licit,True
107787065,Licit,Licit,True
96931078,Licit,Licit,True
97731388,Licit,Licit,True
7952945,Licit,Licit,True
1342246,Licit,Licit,True
96318703,Licit,Licit,True
98037436,Licit,Licit,True
97833839,Licit,Licit,True
97888626,Licit,Licit,True
98032245,Licit,Fraud (Illicit),False
96564667,Licit,Licit,True
53406347,Licit,Licit,True
86045485,Licit,Licit,True
96319936,Licit,Licit,True
97081513,Licit,Licit,True
96301468,Licit,Fraud (Illicit),False
97828838,Licit,Licit,True
87189041,Licit,Licit,True
96261194,Licit,Fraud (Illicit),False
80587765,Licit,Licit,True
96995902,Licit,Licit,True
97393220,Licit,Licit,True
96996777,Licit,Licit,True
98062684,Licit,Licit,True
98062691,Licit,Licit,True
10178929,Licit,Licit,True
97732181,Licit,Licit,True
96562675,Licit,Licit,True
19801917,Licit,Licit,True
97082697,Licit,Licit,True
96930864,Licit,Licit,True
4823515,Licit,Licit,True
96944106,Licit,Licit,True
97487318,Licit,Licit,True
97066702,Licit,Fraud (Illicit),False
96960278,Licit,Licit,True
96931897,Licit,Licit,True
98033663,Licit,Fraud (Illicit),False
81353312,Licit,Licit,True
98043517,Licit,Licit,True
96932182,Licit,Licit,True
96261183,Licit,Fraud (Illicit),False
97004112,Licit,Licit,True
97501177,Licit,Licit,True
97736494,Licit,Licit,True
97430122,Licit,Licit,True
107782289,Licit,Fraud (Illicit),False
29316477,Licit,Licit,True
97760586,Licit,Licit,True
96584303,Licit,Licit,True
27765489,Licit,Licit,True
97389359,Licit,Licit,True
96930828,Licit,Licit,True
98072243,Licit,Licit,True
96930820,Licit,Licit,True
97702600,Licit,Licit,True
96571185,Licit,Licit,True
96302410,Licit,Licit,True
97930500,Licit,Licit,True
6979648,Licit,Licit,True
98038140,Licit,Licit,True
49506981,Licit,Licit,True
96930873,Licit,Licit,True
97724167,Licit,Licit,True
37791816,Licit,Licit,True
97760589,Licit,Licit,True
47929412,Licit,Licit,True
14544722,Licit,Licit,True
97003450,Licit,Licit,True
96950566,Licit,Licit,True
98592205,Licit,Licit,True
107797867,Licit,Licit,True
96570123,Licit,Licit,True
96966752,Licit,Licit,True
97089162,Licit,Licit,True
96930118,Licit,Fraud (Illicit),False
96317642,Licit,Licit,True
97727557,Licit,Licit,True
98062661,Licit,Licit,True
97714855,Licit,Licit,True
96940886,Licit,Licit,True
7952088,Licit,Licit,True
26240495,Licit,Licit,True
97004022,Licit,Licit,True
6266706,Licit,Licit,True
45432747,Licit,Fraud (Illicit),False
96578735,Licit,Licit,True
96992804,Licit,Fraud (Illicit),False
97764397,Licit,Licit,True
98032886,Licit,Fraud (Illicit),False
98074770,Licit,Licit,True
83029144,Licit,Licit,True
97081550,Licit,Licit,True
99654887,Licit,Licit,True
19603231,Licit,Licit,True
98112106,Licit,Licit,True
22502070,Licit,Licit,True
96584663,Licit,Licit,True
96562963,Licit,Licit,True
97716158,Licit,Fraud (Illicit),False
67196205,Licit,Licit,True
31466191,Licit,Licit,True
97089156,Licit,Licit,True
97390415,Licit,Licit,True
96595589,Licit,Licit,True
96952919,Licit,Licit,True
98054714,Licit,Licit,True
97087598,Licit,Licit,True
96958874,Licit,Fraud (Illicit),False
797419,Licit,Licit,True
87192208,Licit,Licit,True
97122951,Licit,Licit,True
27558298,Licit,Licit,True
52293551,Licit,Licit,True
96934139,Licit,Licit,True
96958759,Licit,Licit,True
47590952,Licit,Fraud (Illicit),False
96578733,Licit,Licit,True
96995131,Licit,Licit,True
96302536,Licit,Licit,True
96579303,Licit,Licit,True
96969003,Licit,Licit,True
97199833,Licit,Licit,True
97757487,Licit,Licit,True
28021032,Licit,Licit,True
96927272,Licit,Fraud (Illicit),False
98062024,Licit,Licit,True
98571753,Licit,Licit,True
98551632,Licit,Licit,True
98588512,Licit,Licit,True
96953111,Licit,Licit,True
46319000,Licit,Licit,True
62458720,Licit,Licit,True
97002542,Licit,Licit,True
96569266,Licit,Licit,True
97715914,Licit,Licit,True
96567159,Licit,Licit,True
98125789,Licit,Licit,True
96951550,Licit,Licit,True
97702228,Licit,Fraud (Illicit),False
107784772,Licit,Licit,True
96995426,Licit,Fraud (Illicit),False
96260067,Licit,Licit,True
97714239,Licit,Licit,True
96961846,Licit,Licit,True
98070965,Licit,Licit,True
97402313,Licit,Licit,True
45002057,Licit,Fraud (Illicit),False
81332231,Licit,Licit,True
96592211,Licit,Licit,True
96681128,Licit,Licit,True
61189627,Licit,Licit,True
2393072,Licit,Fraud (Illicit),False
6076330,Licit,Licit,True
97727554,Licit,Licit,True
96617062,Licit,Licit,True
96951304,Licit,Licit,True
97804696,Licit,Fraud (Illicit),False
96578048,Licit,Licit,True
74105751,Licit,Licit,True
97396614,Licit,Licit,True
97392467,Licit,Licit,True
97141211,Licit,Fraud (Illicit),False
1261936,Licit,Licit,True
96939140,Licit,Fraud (Illicit),False
96568911,Licit,Licit,True
97081539,Licit,Licit,True
98421333,Licit,Licit,True
96571507,Licit,Licit,True
96569403,Licit,Licit,True
97907377,Licit,Licit,True
97188340,Licit,Licit,True
79269156,Licit,Licit,True
98066484,Licit,Fraud (Illicit),False
97393096,Licit,Licit,True
97858320,Licit,Licit,True
98039709,Licit,Licit,True
97390680,Licit,Licit,True
6978169,Licit,Licit,True
96596931,Licit,Licit,True
96661157,Licit,Licit,True
6851025,Licit,Licit,True
89034204,Licit,Licit,True
97027795,Licit,Licit,True
96932437,Licit,Licit,True
96944115,Licit,Licit,True
96579449,Licit,Licit,True
96567151,Licit,Licit,True
96615220,Licit,Licit,True
47755806,Licit,Licit,True
97024534,Licit,Licit,True
91766194,Licit,Licit,True
96568492,Licit,Licit,True
96566391,Licit,Licit,True
97387433,Licit,Fraud (Illicit),False
97421253,Licit,Licit,True
98162429,Licit,Licit,True
52311679,Licit,Licit,True
97916516,Licit,Licit,True
98107357,Licit,Licit,True
98106756,Licit,Licit,True
98044503,Licit,Licit,True
98281471,Licit,Licit,True
53252875,Licit,Licit,True
96931098,Licit,Licit,True
97485697,Licit,Licit,True
98144008,Licit,Licit,True
96580298,Licit,Fraud (Illicit),False
98551169,Licit,Licit,True
96947649,Licit,Licit,True
97406092,Licit,Licit,True
96961445,Licit,Licit,True
96681142,Licit,Licit,True
96583997,Licit,Licit,True
96583785,Licit,Licit,True
97728947,Licit,Licit,True
97126633,Licit,Licit,True
96242910,Licit,Licit,True
9138283,Licit,Licit,True
96301561,Licit,Licit,True
96950550,Licit,Licit,True
97830403,Licit,Licit,True
6978672,Licit,Licit,True
100297870,Licit,Licit,True
97081237,Licit,Licit,True
97081246,Licit,Licit,True
98045668,Licit,Licit,True
96982052,Licit,Licit,True
96261189,Licit,Fraud (Illicit),False
80668138,Licit,Licit,True
98061737,Licit,Licit,True
80972279,Licit,Licit,True
99673993,Licit,Licit,True
87189033,Licit,Licit,True
96056238,Licit,Licit,True
97103628,Licit,Licit,True
88047464,Licit,Licit,True
98553668,Licit,Licit,True
96976090,Licit,Licit,True
96558942,Licit,Licit,True
96569553,Licit,Fraud (Illicit),False
27558494,Licit,Licit,True
97714242,Licit,Licit,True
72246251,Licit,Licit,True
97824492,Licit,Licit,True
91179671,Licit,Licit,True
96954594,Licit,Licit,True
96932460,Licit,Licit,True
96569544,Licit,Fraud (Illicit),False
96558945,Licit,Licit,True
81396275,Licit,Licit,True
47777535,Licit,Licit,True
98588441,Licit,Fraud (Illicit),False
97186543,Licit,Licit,True
97745607,Licit,Licit,True
97836462,Licit,Licit,True
19675050,Licit,Licit,True
97424365,Licit,Licit,True
97391808,Licit,Licit,True
7817123,Licit,Licit,True
97004064,Licit,Licit,True
97822688,Licit,Licit,True
96594954,Licit,Licit,True
100156998,Licit,Licit,True
6960653,Licit,Licit,True
96976740,Licit,Licit,True
99710431,Licit,Licit,True
97804176,Licit,Fraud (Illicit),False
96298259,Licit,Licit,True
28951670,Licit,Licit,True
96658368,Licit,Licit,True
96569547,Licit,Fraud (Illicit),False
32498113,Licit,Fraud (Illicit),False
96580289,Licit,Licit,True
97184396,Licit,Fraud (Illicit),False
97751140,Licit,Licit,True
97185724,Licit,Licit,True
97918106,Licit,Licit,True
97733199,Licit,Licit,True
97828549,Licit,Licit,True
96057658,Licit,Licit,True
96256375,Licit,Licit,True
1351021,Licit,Licit,True
7244429,Licit,Licit,True
81025289,Licit,Licit,True
67195920,Licit,Licit,True
97024543,Licit,Licit,True
97916717,Licit,Licit,True
30075078,Licit,Licit,True
95960009,Licit,Licit,True
96950584,Licit,Licit,True
97185809,Licit,Licit,True
96568915,Licit,Licit,True
46329512,Licit,Licit,True
96950018,Licit,Licit,True
96925593,Licit,Fraud (Illicit),False
97019093,Licit,Licit,True
96950113,Licit,Licit,True
97081257,Licit,Licit,True
59376666,Licit,Licit,True
96594947,Licit,Licit,True
97387423,Licit,Fraud (Illicit),False
90640293,Licit,Licit,True
97976919,Licit,Fraud (Illicit),False
99732822,Licit,Licit,True
96584846,Licit,Licit,True
96565828,Licit,Licit,True
97763578,Licit,Licit,True
97027985,Licit,Licit,True
96565582,Licit,Licit,True
96681131,Licit,Licit,True
96939427,Licit,Fraud (Illicit),False
13425690,Licit,Licit,True
90548787,Licit,Licit,True
96925114,Licit,Fraud (Illicit),False
97123266,Licit,Licit,True
96565689,Licit,Licit,True
96998626,Licit,Licit,True
27558289,Licit,Licit,True
97188646,Licit,Licit,True
96928352,Licit,Fraud (Illicit),False
93331428,Licit,Licit,True
97713612,Licit,Licit,True
96928334,Licit,Fraud (Illicit),False
98039539,Licit,Licit,True
97712844,Licit,Licit,True
96571509,Licit,Licit,True
97025490,Licit,Licit,True
96562968,Licit,Licit,True
96943473,Licit,Licit,True
86656021,Licit,Fraud (Illicit),False
27558306,Licit,Licit,True
96304812,Licit,Licit,True
98551851,Licit,Licit,True
46328058,Licit,Licit,True
88628542,Licit,Licit,True
85001791,Licit,Fraud (Illicit),False
96569043,Licit,Licit,True
97089300,Licit,Licit,True
96957299,Licit,Licit,True
96564682,Licit,Licit,True
97074096,Licit,Licit,True
97023225,Licit,Licit,True
97824971,Licit,Licit,True
96569551,Licit,Fraud (Illicit),False
96932189,Licit,Licit,True
98032819,Licit,Fraud (Illicit),False
96565250,Licit,Licit,True
96948361,Licit,Licit,True
81394448,Licit,Licit,True
107782865,Licit,Fraud (Illicit),False
